<?xml version="1.0" encoding="utf-8"?>
<odoo>
	<data noupdate="1">
		<record id="ir_cron_automatic_cost_update" model="ir.cron">
            <field name="name">Auto Cost Update</field>
            <field eval="False" name="active"/>
            <field name="user_id" ref="base.user_root"/>
            <field name="interval_number">1</field>
            <field name="interval_type">days</field>
            <field name="numbercall">-1</field>
            <field eval="False" name="doall"/>
			<field name="model_id" ref="product.model_product_template"/>
            <field name="state">code</field>
            <field name="code">model.price_update()</field>
        </record>
	</data>
</odoo>
