<?xml version="1.0" encoding="utf-8"?>
<openerp>
  <data noupdate="0">
    <record id="account.account_invoices" model="ir.actions.report">
      <field name="attachment_use">False</field>
    </record>
    <record id="sale.action_report_saleorder" model="ir.actions.report">
      <field name="attachment_use">False</field>
    </record>
    <record id="sale.action_report_pro_forma_invoice" model="ir.actions.report">
      <field name="attachment_use">False</field>
    </record>
    <!-- <record id="website_quote.report_web_quote" model="ir.actions.report">
      <field name="attachment_use">False</field>
    </record> -->
  </data>
</openerp>
